year,country,inflationRate,population
1962,Argentina,26.06 %,21153042
1963,Argentina,26.0 %,21488916
1963,Chile,44.24 %,8650390
1964,Argentina,22.16 %,21824427
1964,Chile,45.98 %,8821855
1965,Argentina,28.6 %,22159644
1965,Chile,28.84 %,8989607
1966,Argentina,31.86 %,22494031
1966,Chile,22.87 %,9152848
1967,Argentina,29.23 %,22828872
1968,Chile,26.63 %,9468851
1969,Chile,30.65 %,9625304
1969,Iceland,21.94 %,203369
1970,Chile,32.51 %,9783134
1971,Afghanistan,25.51 %,11475450
1971,United Arab Emirates,21.98 %,277463
1971,Argentina,34.73 %,24259564
1971,Brazil,20.14 %,97482928
1971,Chile,20.05 %,9942716
1971,Cambodia,71.3 %,7139640
1971,Mali,21.05 %,6044524
1971,Nicaragua,27.37 %,2481345
1971,Philippines,20.61 %,36849678
1971,Qatar,20.03 %,119413
1971,Uruguay,23.95 %,2818283
1972,United Arab Emirates,21.98 %,330968
1972,Argentina,58.45 %,24653172
1972,Bangladesh,45.29 %,66625706
1972,Belize,20.73 %,127152
1972,Chile,77.8 %,10103675
1972,Fiji,21.98 %,542843
1972,Cambodia,25.4 %,7302114
1972,Lao PDR,25.16 %,2840842
1972,Nicaragua,26.86 %,2558705
1972,Qatar,20.03 %,130505
1972,Seychelles,20.94 %,56029
1972,Uruguay,76.48 %,2821458
1972,Vietnam,25.3 %,45548476
1973,United Arab Emirates,21.98 %,394625
1973,Argentina,61.25 %,25056475
1973,Antigua and Barbuda,21.72 %,63649
1973,Bangladesh,45.01 %,67637541
1973,Belize,66.96 %,129294
1973,Bolivia,34.21 %,4785916
1973,Chile,352.81 %,10265827
1973,Colombia,22.6 %,23024512
1973,Haiti,22.74 %,4918625
1973,Indonesia,31.04 %,124199693
1973,Iceland,20.95 %,212317
1973,Israel,20.03 %,3278000
1973,Jamaica,25.0 %,1966978
1973,Cambodia,157.9 %,7449233
1973,Lao PDR,30.79 %,2919288
1973,Myanmar,25.2 %,29238168
1973,Nicaragua,27.04 %,2638699
1973,Pakistan,23.07 %,63099404
1973,Qatar,20.03 %,142181
1973,Syrian Arab Republic,20.36 %,7037860
1973,Tonga,20.8 %,86958
1973,Uganda,24.4 %,10186452
1973,Uruguay,97.0 %,2822112
1973,Vietnam,44.4 %,46603522
1974,Angola,27.42 %,6761623
1974,United Arab Emirates,21.98 %,467457
1974,Argentina,23.47 %,25462305
1974,Bangladesh,54.65 %,68742222
1974,Bahrain,24.39 %,251908
1974,Belize,20.78 %,131305
1974,Bolivia,41.18 %,4892294
1974,Brazil,27.59 %,104706193
1974,Barbados,38.92 %,244643
1974,Brunei Darussalam,21.4 %,155069
1974,Chile,504.74 %,10428803
1974,"Congo, Dem. Rep.",29.47 %,22282127
1974,Colombia,22.58 %,23538390
1974,Costa Rica,30.07 %,2042242
1974,Curacao,22.46 %,148351
1974,Dominica,34.38 %,71814
1974,Ecuador,42.08 %,6803271
1974,Guinea-Bissau,30.67 %,757668
1974,Greece,26.56 %,8962022
1974,Indonesia,40.49 %,127422198
1974,India,28.6 %,608802595
1974,Iceland,42.73 %,215209
1974,Israel,39.68 %,3377000
1974,Jamaica,26.67 %,1998313
1974,Japan,23.22 %,110162000
1974,Cambodia,228.2 %,7533332
1974,St. Kitts and Nevis,28.4 %,44322
1974,"Korea, Rep.",24.3 %,34692266
1974,Lao PDR,50.0 %,2990963
1974,St. Lucia,34.22 %,108389
1974,Madagascar,22.1 %,7345773
1974,Mexico,23.78 %,57966812
1974,Myanmar,25.21 %,29918469
1974,Mozambique,21.7 %,9906963
1974,Mauritius,28.4 %,878042
1974,Pakistan,26.66 %,64905996
1974,Philippines,31.36 %,40144250
1974,Papua New Guinea,23.17 %,3063051
1974,Portugal,25.08 %,8754365
1974,Paraguay,27.87 %,2723816
1974,Qatar,20.03 %,153624
1974,Rwanda,31.09 %,4231579
1974,Saudi Arabia,21.44 %,7054532
1974,Sudan,26.16 %,11732957
1974,Singapore,22.35 %,2229800
1974,Seychelles,24.42 %,57937
1974,Thailand,24.32 %,41252320
1974,Trinidad and Tobago,22.02 %,996479
1974,Turkey,23.9 %,38370278
1974,Uganda,67.2 %,10453029
1974,Uruguay,77.21 %,2824095
1974,St. Vincent and the Grenadines,35.5 %,94618
1974,Vietnam,55.0 %,47657554
1974,Vanuatu,29.1 %,96773
1974,Samoa,24.99 %,150191
1974,"Yemen, Rep.",23.7 %,6630003
1975,Angola,29.0 %,7023994
1975,United Arab Emirates,21.98 %,548295
1975,Argentina,182.93 %,25865775
1975,Belize,20.77 %,133264
1975,Brazil,28.92 %,107216209
1975,Barbados,20.29 %,246158
1975,Chile,374.74 %,10592310
1975,"Congo, Dem. Rep.",28.66 %,22903587
1975,Colombia,25.19 %,24065502
1975,Comoros,29.7 %,257285
1975,Cabo Verde,40.84 %,270240
1975,Gabon,28.45 %,647538
1975,United Kingdom,24.21 %,56225800
1975,Ghana,29.82 %,9985946
1975,"Gambia, The",25.92 %,539985
1975,Ireland,20.88 %,3189550
1975,Iceland,49.43 %,217979
1975,Israel,39.31 %,3455000
1975,"Korea, Rep.",25.25 %,35280725
1975,Lao PDR,29.7 %,3051583
1975,Lebanon,20.05 %,2575746
1975,Myanmar,31.66 %,30611093
1975,Nigeria,88.52 %,63374289
1975,Pakistan,20.9 %,66816875
1975,Peru,23.62 %,15424745
1975,Qatar,20.03 %,164314
1975,Rwanda,30.23 %,4364709
1975,Saudi Arabia,34.58 %,7419486
1975,Sudan,23.96 %,12144128
1975,Senegal,31.65 %,4929846
1975,São Tomé and Principe,29.7 %,83134
1975,Turkey,21.23 %,39277249
1975,Tanzania,26.06 %,15885228
1975,Uganda,20.2 %,10737403
1975,Uruguay,81.41 %,2830172
1976,Angola,80.7 %,7279630
1976,United Arab Emirates,21.98 %,637926
1976,Argentina,443.97 %,26264681
1976,Bahrain,22.5 %,283746
1976,Brazil,42.01 %,109790943
1976,Chile,211.92 %,10756876
1976,"Congo, Dem. Rep.",80.39 %,23560470
1976,Ethiopia,28.77 %,33128151
1976,Gabon,20.17 %,661398
1976,Ghana,56.08 %,10199164
1976,Iceland,32.78 %,220154
1976,Israel,31.31 %,3533000
1976,Lebanon,28.83 %,2596409
1976,Maldives,31.4 %,140563
1976,Myanmar,22.38 %,31314347
1976,Niger,23.53 %,5335083
1976,Nigeria,47.39 %,65221379
1976,Peru,33.48 %,15838568
1976,Portugal,21.14 %,9355810
1976,Qatar,20.03 %,173716
1976,Saudi Arabia,31.56 %,7802928
1976,Uganda,54.6 %,11042975
1976,Uruguay,50.62 %,2841371
1977,Angola,69.01 %,7533814
1977,United Arab Emirates,21.97 %,735347
1977,Argentina,176.0 %,26661397
1977,Burkina Faso,29.99 %,6398933
1977,Brazil,43.65 %,112425392
1977,Chile,91.95 %,10922777
1977,Côte d'Ivoire,27.51 %,7026497
1977,"Congo, Dem. Rep.",68.95 %,24249127
1977,Colombia,34.09 %,25164544
1977,Djibouti,21.5 %,277472
1977,Ecuador,29.65 %,7383713
1977,Spain,24.54 %,36511638
1977,Ghana,116.45 %,10395453
1977,"Iran, Islamic Rep.",27.29 %,34803041
1977,Iceland,30.32 %,221799
1977,Israel,34.62 %,3613000
1977,Lao PDR,89.99 %,3135839
1977,Mexico,29.06 %,62869908
1977,Mali,22.13 %,6712267
1977,Niger,23.25 %,5491158
1977,Peru,38.05 %,16258323
1977,Portugal,31.02 %,9455675
1977,Qatar,20.03 %,182319
1977,Eswatini,20.81 %,532253
1977,Togo,22.46 %,2518454
1977,Turkey,25.99 %,41108290
1977,Uganda,68.1 %,11368618
1977,Uruguay,58.2 %,2856958
1978,Angola,48.46 %,7790774
1978,Argentina,175.51 %,27061041
1978,Burundi,23.9 %,3949264
1978,Brazil,38.7 %,115121158
1978,Chile,40.09 %,11089165
1978,"Congo, Dem. Rep.",48.77 %,24956387
1978,Ghana,73.09 %,10590265
1978,Iceland,43.75 %,223537
1978,Israel,50.55 %,3690000
1978,Jamaica,32.93 %,2105903
1978,St. Kitts and Nevis,33.42 %,43703
1978,Libya,29.38 %,2979102
1978,Mali,30.78 %,6831090
1978,Nigeria,28.21 %,69271915
1978,Peru,57.85 %,16683451
1978,Portugal,21.04 %,9558250
1978,Turkey,61.9 %,42039983
1978,Uganda,49.45 %,11712540
1978,Uruguay,44.55 %,2875724
1979,Angola,101.3 %,8058112
1979,Argentina,159.51 %,27471046
1979,Burundi,36.54 %,4051239
1979,Bolivia,20.59 %,5462413
1979,Brazil,53.92 %,117878412
1979,Chile,33.39 %,11254877
1979,"Congo, Dem. Rep.",101.05 %,25663598
1979,Colombia,24.2 %,26312996
1979,Ecuador,20.79 %,7784074
1979,Ghana,54.44 %,10805318
1979,Guinea-Bissau,26.0 %,774726
1979,Grenada,20.88 %,88603
1979,Iraq,31.7 %,13259107
1979,Iceland,44.44 %,225735
1979,Israel,78.31 %,3786000
1979,Jamaica,30.28 %,2132784
1979,Lebanon,23.7 %,2590911
1979,Nicaragua,48.18 %,3171404
1979,Peru,66.69 %,17113393
1979,Portugal,21.9 %,9661265
1979,Paraguay,30.1 %,3095151
1979,Sudan,31.14 %,14002302
1979,Sierra Leone,21.25 %,3313506
1979,Turkey,63.54 %,42994043
1979,Uganda,94.95 %,12071140
1979,Uruguay,66.84 %,2895683
1980,Angola,46.71 %,8341290
1980,Argentina,100.76 %,27896532
1980,Bolivia,48.78 %,5579932
1980,Brazil,90.23 %,120694012
1980,Chile,35.14 %,11419350
1980,"Congo, Dem. Rep.",40.04 %,26358905
1980,Colombia,26.58 %,26900508
1980,Dominica,23.85 %,75318
1980,Dominican Republic,21.66 %,5803929
1980,"Egypt, Arab Rep.",20.95 %,43309063
1980,Ghana,50.01 %,11056112
1980,Guinea,39.99 %,4871446
1980,Guinea-Bissau,64.76 %,781678
1980,Greece,24.68 %,9642505
1980,"Iran, Islamic Rep.",20.63 %,38650244
1980,Iceland,58.53 %,228138
1980,Israel,131.02 %,3878000
1980,Italy,21.06 %,56433883
1980,Jamaica,26.76 %,2162839
1980,"Korea, Rep.",28.7 %,38123775
1980,Lao PDR,188.82 %,3258149
1980,Lebanon,23.9 %,2588928
1980,Sri Lanka,26.15 %,15035840
1980,Maldives,27.88 %,158271
1980,Mexico,26.35 %,67761367
1980,Mali,20.25 %,7090124
1980,Mauritius,42.37 %,966039
1980,Nicaragua,35.13 %,3265520
1980,Peru,59.15 %,17547612
1980,Paraguay,23.88 %,3181627
1980,Sudan,26.53 %,14507466
1980,Turkey,94.26 %,43975972
1980,Tanzania,30.2 %,18538263
1980,Uganda,99.2 %,12442333
1980,Uruguay,63.47 %,2915389
1980,"Venezuela, RB",21.59 %,15182616
1980,Vietnam,25.16 %,54281841
1980,Samoa,33.05 %,155522
1981,Afghanistan,22.2 %,13171679
1981,Argentina,104.48 %,28338514
1981,Bolivia,32.24 %,5697098
1981,Brazil,101.73 %,123570327
1981,"Congo, Dem. Rep.",34.88 %,27040329
1981,Colombia,27.52 %,27496608
1981,Cabo Verde,20.68 %,288678
1981,Costa Rica,37.04 %,2455593
1981,Ghana,116.5 %,11348287
1981,Guinea,35.0 %,4969595
1981,Guinea-Bissau,41.94 %,793804
1981,Greece,24.51 %,9729350
1981,Guyana,22.24 %,781734
1981,Croatia,40.2 %,4611509
1981,Ireland,20.37 %,3453000
1981,"Iran, Islamic Rep.",24.2 %,40199911
1981,Iceland,51.79 %,230755
1981,Israel,116.8 %,3956000
1981,"Korea, Rep.",21.35 %,38723248
1981,Lao PDR,33.7 %,3323353
1981,Madagascar,30.46 %,8971339
1981,Mexico,27.93 %,69407623
1981,Niger,24.3 %,6163711
1981,Nigeria,24.3 %,75440505
1981,Nicaragua,23.8 %,3360142
1981,Peru,75.43 %,17985398
1981,Poland,21.21 %,35898587
1981,Sudan,24.02 %,15027254
1981,Sierra Leone,23.37 %,3464113
1981,Slovenia,42.62 %,1906531
1981,Eswatini,20.06 %,608374
1981,Turkey,37.61 %,44988411
1981,Tanzania,25.7 %,19120683
1981,Uganda,100.0 %,12825084
1981,Uruguay,34.05 %,2934624
1981,Vietnam,69.6 %,55522804
1981,Vanuatu,26.85 %,118546
1981,Samoa,20.51 %,156410
1982,Argentina,164.78 %,28794550
1982,Bolivia,126.45 %,5814344
1982,Brazil,100.54 %,126498322
1982,"Congo, Dem. Rep.",37.07 %,27717293
1982,Colombia,24.7 %,28101824
1982,Cabo Verde,21.13 %,294244
1982,Costa Rica,90.11 %,2523358
1982,Ghana,22.49 %,11676828
1982,Guinea,29.92 %,5077073
1982,Equatorial Guinea,38.26 %,284638
1982,Greece,20.99 %,9789513
1982,Guyana,20.61 %,781249
1982,Croatia,31.8 %,4634234
1982,Iraq,22.0 %,14432466
1982,Iceland,50.24 %,233860
1982,Israel,120.36 %,4031000
1982,Kenya,20.67 %,17736326
1982,Lao PDR,70.38 %,3401193
1982,Madagascar,31.91 %,9234137
1982,Mexico,58.91 %,71058650
1982,North Macedonia,35.3 %,1955247
1982,Nicaragua,28.5 %,3455129
1982,Peru,64.46 %,18426420
1982,Poland,100.83 %,36230481
1982,Portugal,21.68 %,9911771
1982,Sudan,26.61 %,15562129
1982,Sierra Leone,26.89 %,3540164
1982,Slovenia,30.11 %,1910334
1982,Turkey,29.14 %,46025411
1982,Tanzania,28.9 %,19723317
1982,Uganda,100.0 %,13221991
1982,Vietnam,95.4 %,56814309
1983,Argentina,343.81 %,29262049
1983,Bolivia,273.36 %,5932812
1983,Brazil,135.03 %,129448815
1983,Chile,27.26 %,11907955
1983,Cameroon,20.51 %,9456496
1983,"Congo, Dem. Rep.",76.73 %,28403858
1983,Cabo Verde,20.16 %,300226
1983,Costa Rica,32.63 %,2593015
1983,Ecuador,49.7 %,8624594
1983,Ghana,122.25 %,12033559
1983,Guinea,30.26 %,5195443
1983,Guinea-Bissau,23.31 %,830212
1983,Equatorial Guinea,60.06 %,308208
1983,Greece,20.18 %,9846627
1983,Croatia,40.6 %,4658254
1983,Iceland,83.95 %,236977
1983,Israel,145.95 %,4105000
1983,Lao PDR,62.51 %,3489910
1983,Mexico,101.87 %,72709306
1983,North Macedonia,41.9 %,1965892
1983,Mozambique,28.2 %,12439773
1983,Nicaragua,33.6 %,3549711
1983,Peru,111.15 %,18870988
1983,Poland,22.12 %,36571808
1983,Portugal,24.0 %,9957865
1983,Sudan,30.57 %,16107613
1983,Sierra Leone,68.53 %,3619854
1983,Slovenia,40.21 %,1922321
1983,Turkey,31.39 %,47073470
1983,Tanzania,27.1 %,20344550
1983,Uganda,150.0 %,13638729
1983,Uruguay,49.2 %,2973048
1983,Vietnam,49.49 %,58148384
1984,Afghanistan,20.4 %,12204306
1984,Argentina,626.72 %,29737097
1984,Bolivia,1289.54 %,6054126
1984,Brazil,192.12 %,132383569
1984,"Congo, Dem. Rep.",52.63 %,29119663
1984,Dominican Republic,20.24 %,6331760
1984,Ecuador,29.9 %,8843463
1984,Ghana,40.03 %,12405659
1984,Guinea,26.01 %,5326369
1984,"Gambia, The",22.11 %,725688
1984,Guinea-Bissau,64.86 %,851276
1984,Equatorial Guinea,59.52 %,331554
1984,Guyana,25.14 %,775217
1984,Croatia,46.2 %,4680285
1984,Iceland,30.85 %,239511
1984,Israel,373.22 %,4159000
1984,Jamaica,27.69 %,2306367
1984,Lao PDR,27.17 %,3586315
1984,Mexico,65.45 %,74352631
1984,North Macedonia,49.1 %,1974413
1984,Mozambique,30.04 %,12636120
1984,Nigeria,37.65 %,81448757
1984,Nicaragua,141.3 %,3642978
1984,Peru,110.21 %,19319746
1984,Philippines,49.78 %,52827047
1984,Poland,75.65 %,36904134
1984,Portugal,28.38 %,9996232
1984,Sudan,33.66 %,16657956
1984,Sierra Leone,66.57 %,3707513
1984,Slovenia,53.67 %,1932154
1984,Chad,20.3 %,4957561
1984,Turkey,48.39 %,48114158
1984,Tanzania,36.1 %,20981775
1984,Uruguay,55.31 %,2992250
1984,Vietnam,64.9 %,59512619
1984,Zambia,20.02 %,6701547
1985,Argentina,672.18 %,30216284
1985,Bolivia,11702.83 %,6179460
1985,Brazil,225.99 %,135274083
1985,Chile,30.7 %,12257238
1985,"Congo, Dem. Rep.",23.46 %,29881222
1985,Colombia,23.97 %,29951194
1985,Dominican Republic,45.31 %,6464229
1985,Ecuador,28.54 %,9066100
1985,Guinea-Bissau,112.71 %,872163
1985,Equatorial Guinea,84.0 %,352116
1985,Croatia,78.9 %,4701417
1985,Iceland,31.99 %,241405
1985,Israel,308.79 %,4233000
1985,Jamaica,25.89 %,2335510
1985,Lao PDR,114.7 %,3687889
1985,Lebanon,69.4 %,2651992
1985,Mexico,57.75 %,75983486
1985,North Macedonia,70.9 %,1981536
1985,Mozambique,30.78 %,12764385
1985,Nicaragua,571.4 %,3734343
1985,Peru,163.4 %,19772871
1985,Philippines,22.5 %,54275836
1985,Paraguay,25.37 %,3676206
1985,Sudan,45.63 %,17210182
1985,Sierra Leone,76.58 %,3805304
1985,El Salvador,22.36 %,4936803
1985,Slovenia,79.41 %,1941641
1985,Eswatini,20.46 %,699077
1985,Turkey,44.96 %,49133928
1985,Tanzania,33.3 %,21633799
1985,Uganda,100.0 %,14559357
1985,Uruguay,72.22 %,3011519
1985,Vietnam,91.6 %,60896732
1985,Zambia,37.43 %,6923148
1986,Argentina,90.1 %,30698964
1986,Bolivia,273.55 %,6309129
1986,Brazil,147.14 %,138108915
1986,"Congo, Dem. Rep.",46.73 %,30683877
1986,Ecuador,21.81 %,9292481
1986,"Egypt, Arab Rep.",23.37 %,50602360
1986,Ghana,24.54 %,13164839
1986,Guinea,64.7 %,5629420
1986,"Gambia, The",56.56 %,791141
1986,Guinea-Bissau,26.55 %,892530
1986,Greece,23.02 %,9967213
1986,Guatemala,32.81 %,8104921
1986,Croatia,91.2 %,4721446
1986,"Iran, Islamic Rep.",23.72 %,49260263
1986,Iceland,22.13 %,243180
1986,Israel,48.04 %,4299000
1986,Lao PDR,35.0 %,3794204
1986,Lebanon,95.4 %,2660873
1986,Mexico,86.23 %,77599105
1986,North Macedonia,89.3 %,1987538
1986,Mozambique,40.49 %,12808566
1986,Nicaragua,885.2 %,3823133
1986,Peru,77.92 %,20230385
1986,Paraguay,31.38 %,3783074
1986,Sudan,60.0 %,17757494
1986,Sierra Leone,80.87 %,3916685
1986,El Salvador,31.94 %,5002339
1986,Slovenia,95.89 %,1965964
1986,Syrian Arab Republic,36.19 %,11004273
1986,Tonga,29.87 %,94081
1986,Turkey,34.61 %,50128548
1986,Tanzania,32.4 %,22296282
1986,Uganda,143.8 %,15070319
1986,Uruguay,76.38 %,3030651
1986,Vietnam,453.54 %,62293859
1986,Zambia,54.8 %,7146965
1987,Argentina,131.33 %,31184411
1987,Brazil,228.34 %,140891606
1987,"Congo, Dem. Rep.",90.37 %,31528702
1987,Colombia,23.31 %,31195417
1987,Ecuador,29.64 %,9522362
1987,Ghana,39.76 %,13552021
1987,Guinea,36.89 %,5801323
1987,"Gambia, The",23.71 %,831011
1987,Guinea-Bissau,86.77 %,912755
1987,Guyana,28.7 %,757451
1987,Croatia,130.8 %,4739745
1987,"Iran, Islamic Rep.",27.71 %,51193782
1987,Lebanon,487.2 %,2667957
1987,Mexico,131.83 %,79200081
1987,North Macedonia,115.3 %,1992278
1987,Myanmar,24.76 %,39404350
1987,Mozambique,164.12 %,12786353
1987,Malawi,25.05 %,8141140
1987,Nicaragua,13109.5 %,3909672
1987,Peru,75.0 %,20691285
1987,Poland,25.23 %,37668045
1987,Paraguay,21.65 %,3891725
1987,Sudan,26.51 %,18303430
1987,Sierra Leone,178.7 %,4038154
1987,El Salvador,24.86 %,5067531
1987,São Tomé and Principe,25.0 %,110259
1987,Suriname,53.42 %,381033
1987,Slovenia,132.07 %,1989776
1987,Syrian Arab Republic,71.43 %,11360848
1987,Turkey,38.86 %,51100930
1987,Tanzania,29.9 %,22971208
1987,Uganda,215.4 %,15612754
1987,Uruguay,61.13 %,3049581
1987,"Venezuela, RB",28.12 %,18232733
1987,Vietnam,360.36 %,63701974
1987,Zambia,47.03 %,7372835
1988,Afghanistan,27.5 %,11618008
1988,Argentina,342.95 %,31668939
1988,Brazil,629.11 %,143627505
1988,"Congo, Dem. Rep.",82.75 %,32443784
1988,Colombia,28.14 %,31822527
1988,Costa Rica,20.83 %,2960932
1988,Dominican Republic,43.84 %,6863438
1988,Ecuador,58.89 %,9755576
1988,Ghana,31.37 %,13947047
1988,Guinea,27.29 %,5982484
1988,Guinea-Bissau,60.31 %,933046
1988,Guyana,39.9 %,750641
1988,Croatia,186.7 %,4755207
1988,"Iran, Islamic Rep.",28.9 %,53077312
1988,Iraq,21.4 %,16612319
1988,Iceland,25.73 %,249740
1988,Cambodia,23.0 %,8435909
1988,Lebanon,155.0 %,2684682
1988,Madagascar,26.34 %,10952396
1988,Mexico,114.16 %,80788725
1988,North Macedonia,191.9 %,1995508
1988,Mozambique,58.51 %,12758003
1988,Malawi,33.84 %,8636686
1988,Nigeria,31.58 %,90395278
1988,Nicaragua,4775.2 %,3995529
1988,Peru,576.19 %,21153462
1988,Poland,60.2 %,37824487
1988,Paraguay,23.49 %,4001678
1988,Sudan,62.86 %,18867559
1988,Sierra Leone,34.29 %,4156636
1988,São Tomé and Principe,44.28 %,113288
1988,Slovenia,198.75 %,1995196
1988,Eswatini,20.4 %,773774
1988,Syrian Arab Republic,30.0 %,11719064
1988,Turkey,68.81 %,52053764
1988,Tanzania,31.2 %,23670807
1988,Uganda,166.7 %,16180129
1988,Uruguay,63.07 %,3068714
1988,"Venezuela, RB",29.49 %,18698850
1988,Vietnam,374.35 %,65120432
1988,Zambia,54.04 %,7598270
1989,Afghanistan,71.5 %,11868873
1989,Argentina,3079.81 %,32148137
1989,Brazil,1430.73 %,146328305
1989,"Congo, Dem. Rep.",104.07 %,33464767
1989,Colombia,25.86 %,32457497
1989,Dominican Republic,40.75 %,6997877
1989,Ecuador,75.3 %,9991870
1989,"Egypt, Arab Rep.",21.22 %,54788680
1989,Ghana,25.24 %,14353409
1989,Guinea,28.26 %,6167480
1989,Guinea-Bissau,80.79 %,953782
1989,Guyana,89.5 %,745581
1989,Croatia,1181.4 %,4767260
1989,Iceland,20.76 %,252852
1989,Israel,20.21 %,4518000
1989,Jordan,25.65 %,3399333
1989,Cambodia,63.8 %,8691331
1989,Lao PDR,59.7 %,4138845
1989,Lebanon,72.2 %,2726438
1989,Liberia,25.31 %,2106429
1989,Mexico,20.01 %,82368930
1989,North Macedonia,1258.2 %,1996863
1989,Myanmar,27.2 %,40731439
1989,Mozambique,42.08 %,12805950
1989,Nigeria,51.28 %,92788039
1989,Nicaragua,7428.7 %,4082958
1989,Peru,3407.75 %,21614193
1989,Poland,581.48 %,37961529
1989,Paraguay,26.15 %,4112396
1989,Sudan,65.34 %,19476653
1989,Sierra Leone,60.8 %,4254434
1989,São Tomé and Principe,42.89 %,116313
1989,Slovenia,1281.44 %,1996351
1989,Turkey,63.27 %,52992479
1989,Tanzania,25.8 %,24411744
1989,Uganda,130.8 %,16763041
1989,Uruguay,80.89 %,3088603
1989,"Venezuela, RB",84.36 %,19166474
1989,Vietnam,95.77 %,66550231
1989,Zambia,128.29 %,7820199
1990,Afghanistan,47.4 %,12412311
1990,Argentina,2313.96 %,32618648
1990,Bulgaria,23.9 %,8718289
1990,Brazil,2947.73 %,149003225
1990,Chile,26.04 %,13274617
1990,"Congo, Dem. Rep.",81.29 %,34612023
1990,Colombia,29.14 %,33102569
1990,Dominican Republic,50.31 %,7133491
1990,Ecuador,48.51 %,10230931
1990,Ghana,37.24 %,14773274
1990,Guinea,25.69 %,6352282
1990,Guinea-Bissau,33.0 %,975265
1990,Greece,20.43 %,10196792
1990,Guatemala,41.03 %,9050115
1990,Guyana,64.3 %,743306
1990,Honduras,23.41 %,4955302
1990,Croatia,598.7 %,4777368
1990,Haiti,21.28 %,7037915
1990,Hungary,28.37 %,10373988
1990,Iraq,53.7 %,17419113
1990,Jamaica,21.94 %,2419901
1990,Cambodia,141.8 %,8975597
1990,Lebanon,68.9 %,2803032
1990,Sri Lanka,21.5 %,17325769
1990,Lithuania,216.4 %,3697838
1990,Mexico,26.65 %,83943135
1990,North Macedonia,600.0 %,1996218
1990,Mozambique,43.72 %,12987292
1990,Nicaragua,3004.1 %,4173435
1990,Peru,7356.82 %,22071433
1990,Poland,567.88 %,38110782
1990,Paraguay,38.16 %,4223413
1990,Romania,127.9 %,23201835
1990,Sierra Leone,110.95 %,4319763
1990,El Salvador,23.98 %,5270074
1990,São Tomé and Principe,42.25 %,119211
1990,Suriname,21.77 %,405169
1990,Slovenia,552.08 %,1998161
1990,Turkey,60.3 %,53921758
1990,Tanzania,36.4 %,25203848
1990,Uganda,45.4 %,17354395
1990,Uruguay,112.18 %,3109598
1990,"Venezuela, RB",40.72 %,19632665
1990,Vietnam,36.03 %,67988855
1990,"Yemen, Rep.",36.0 %,11709987
1990,Zambia,89.86 %,8036849
1991,Afghanistan,43.8 %,13299016
1991,Angola,85.26 %,12248901
1991,Albania,35.72 %,3266790
1991,Argentina,171.67 %,33079002
1991,Azerbaijan,106.6 %,7271300
1991,Bulgaria,333.5 %,8632367
1991,Belarus,94.2 %,10194050
1991,Bolivia,21.44 %,7011456
1991,Brazil,432.79 %,151648007
1991,Chile,21.78 %,13495255
1991,"Congo, Dem. Rep.",2154.44 %,35908240
1991,Colombia,30.35 %,33758328
1991,Costa Rica,28.71 %,3202083
1991,Czech Republic,57.71 %,10308578
1991,Dominican Republic,47.42 %,7270413
1991,Algeria,25.9 %,26400468
1991,Ecuador,48.61 %,10472476
1991,Estonia,202.0 %,1561314
1991,Ethiopia,20.87 %,49609976
1991,Guinea-Bissau,57.6 %,997522
1991,Guatemala,35.06 %,9296814
1991,Guyana,103.1 %,744477
1991,Honduras,33.95 %,5098594
1991,Croatia,122.6 %,4689022
1991,Hungary,34.82 %,10373400
1991,"Iran, Islamic Rep.",20.17 %,57679025
1991,Iraq,181.0 %,17889457
1991,Jamaica,51.46 %,2439329
1991,Cambodia,191.0 %,9289298
1991,Lebanon,50.12 %,2921700
1991,Lithuania,216.4 %,3704134
1991,Mexico,22.66 %,85512621
1991,North Macedonia,110.8 %,1993304
1991,Myanmar,32.27 %,41890192
1991,Mongolia,120.2 %,2217918
1991,Mozambique,33.26 %,13328029
1991,Nicaragua,116.6 %,4267570
1991,Peru,424.59 %,22522383
1991,Poland,76.77 %,38246193
1991,Paraguay,23.96 %,4334348
1991,Romania,161.12 %,23001155
1991,Russian Federation,92.7 %,148394216
1991,Sudan,123.58 %,20891442
1991,Sierra Leone,102.69 %,4348663
1991,São Tomé and Principe,46.48 %,121949
1991,Slovak Republic,60.5 %,5303294
1991,Slovenia,114.83 %,1999429
1991,Turkey,65.98 %,54840595
1991,Tanzania,25.2 %,26056605
1991,Uganda,20.82 %,17953534
1991,Uruguay,102.09 %,3131657
1991,"Venezuela, RB",34.2 %,20096314
1991,Vietnam,81.82 %,69436956
1991,"Yemen, Rep.",44.91 %,12302127
1991,Zambia,103.2 %,8246662
1992,Afghanistan,58.19 %,14485543
1992,Angola,299.1 %,12657361
1992,Albania,226.0 %,3247039
1992,Argentina,24.9 %,33529320
1992,Azerbaijan,917.0 %,7382050
1992,Bulgaria,91.32 %,8540164
1992,Belarus,970.7 %,10216470
1992,Brazil,951.96 %,154259382
1992,"Congo, Dem. Rep.",4129.17 %,37333917
1992,Colombia,27.03 %,34422568
1992,Costa Rica,21.79 %,3286525
1992,Algeria,31.7 %,27028330
1992,Ecuador,54.68 %,10716131
1992,Estonia,1075.9 %,1533091
1992,Ethiopia,21.02 %,51423591
1992,Georgia,887.45 %,4873500
1992,Guinea-Bissau,69.44 %,1020353
1992,Guyana,26.7 %,748596
1992,Croatia,635.6 %,4575818
1992,Hungary,23.66 %,10369341
1992,"Iran, Islamic Rep.",24.48 %,58780376
1992,Iraq,83.6 %,18402740
1992,Jamaica,77.26 %,2461047
1992,Kazakhstan,2958.1 %,16439095
1992,Kenya,27.34 %,25326080
1992,Cambodia,75.0 %,9623899
1992,Lebanon,99.85 %,3076133
1992,Lithuania,1020.62 %,3700114
1992,Latvia,951.7 %,2614338
1992,Moldova,1243.0 %,2977130
1992,North Macedonia,1511.7 %,1988659
1992,Myanmar,21.91 %,42401686
1992,Mongolia,202.88 %,2243495
1992,Mozambique,45.08 %,13805999
1992,Malawi,23.24 %,9685974
1992,Namibia,21.55 %,1516951
1992,Nigeria,43.49 %,100161708
1992,Nicaragua,21.9 %,4364514
1992,Nepal,21.06 %,19938322
1992,Peru,74.07 %,22966822
1992,Poland,46.1 %,38363667
1992,Romania,209.24 %,22794284
1992,Russian Federation,1592.48 %,148538197
1992,Sudan,117.62 %,21696240
1992,Sierra Leone,65.5 %,4347727
1992,São Tomé and Principe,33.7 %,124574
1992,Suriname,21.31 %,420658
1992,Slovenia,209.93 %,1996498
1992,Turkey,70.08 %,55748946
1992,Tanzania,20.7 %,26961204
1992,Uganda,42.25 %,18561668
1992,Uruguay,68.47 %,3154459
1992,Uzbekistan,645.15 %,21449000
1992,"Venezuela, RB",31.41 %,20557694
1992,Vietnam,37.71 %,70883488
1992,"Yemen, Rep.",51.2 %,12954157
1992,Zambia,160.6 %,8451346
1993,Afghanistan,33.99 %,15816601
1993,Angola,1379.48 %,13075044
1993,Albania,85.0 %,3227287
1993,Armenia,3731.8 %,3363111
1993,Azerbaijan,1129.7 %,7494800
1993,Bulgaria,72.82 %,8472313
1993,Belarus,1190.32 %,10239050
1993,Brazil,1927.38 %,156849086
1993,"Congo, Dem. Rep.",1986.9 %,38815835
1993,Colombia,22.44 %,35091272
1993,Czech Republic,20.81 %,10329855
1993,Algeria,20.5 %,27635517
1993,Ecuador,44.95 %,10961460
1993,Estonia,89.57 %,1494128
1993,Georgia,3125.37 %,4911100
1993,Ghana,24.94 %,16106756
1993,Guinea-Bissau,48.23 %,1043421
1993,Croatia,1523.68 %,4600463
1993,Haiti,22.56 %,7460684
1993,Hungary,22.46 %,10357523
1993,"Iran, Islamic Rep.",22.47 %,59723761
1993,Iraq,207.7 %,18955087
1993,Jamaica,21.92 %,2484583
1993,Kazakhstan,1662.28 %,16380672
1993,Kenya,46.06 %,26136217
1993,Kyrgyz Republic,1086.19 %,4516700
1993,Cambodia,114.32 %,9970727
1993,Lebanon,24.74 %,3246129
1993,Lithuania,410.45 %,3682613
1993,Latvia,108.99 %,2563290
1993,Moldova,788.5 %,2973114
1993,Maldives,20.13 %,242596
1993,North Macedonia,338.68 %,1984024
1993,Myanmar,31.83 %,42889992
1993,Mongolia,268.41 %,2263196
1993,Mozambique,42.26 %,14370950
1993,Malawi,22.77 %,9710335
1993,Nigeria,58.1 %,102700751
1993,Peru,48.53 %,23408135
1993,Poland,36.96 %,38461408
1993,Romania,256.83 %,22763280
1993,Russian Federation,874.25 %,148458777
1993,Sudan,101.31 %,22527837
1993,Sierra Leone,22.2 %,4328965
1993,São Tomé and Principe,25.5 %,127066
1993,Suriname,79.26 %,428028
1993,Slovak Republic,23.29 %,5325305
1993,Slovenia,31.76 %,1991746
1993,Tajikistan,2600.72 %,5593317
1993,Turkmenistan,3102.4 %,4010789
1993,Turkey,66.09 %,56653808
1993,Tanzania,26.1 %,27887204
1993,Uganda,29.97 %,19175986
1993,Ukraine,4660.58 %,52179200
1993,Uruguay,54.1 %,3177734
1993,Uzbekistan,534.18 %,21942000
1993,"Venezuela, RB",38.12 %,21016900
1993,"Yemen, Rep.",61.75 %,13634082
1993,Zambia,182.73 %,8656484
1994,Afghanistan,20.01 %,17075728
1994,Angola,949.77 %,13503753
1994,Albania,22.57 %,3207536
1994,Armenia,5273.45 %,3283664
1994,Azerbaijan,1664.0 %,7596550
1994,Benin,38.53 %,5714215
1994,Burkina Faso,24.72 %,9816584
1994,Bulgaria,96.87 %,8443591
1994,Belarus,2220.9 %,10226955
1994,Brazil,2075.89 %,159432717
1994,Central African Republic,24.55 %,3135017
1994,China,24.26 %,1191835000
1994,Côte d'Ivoire,26.16 %,13735438
1994,"Congo, Dem. Rep.",23773.1 %,40252973
1994,Colombia,22.85 %,35758978
1994,Comoros,25.3 %,462280
1994,Algeria,29.0 %,28213777
1994,Ecuador,27.37 %,11207999
1994,Estonia,47.68 %,1462514
1994,Gabon,36.12 %,1057252
1994,Georgia,15606.5 %,4836076
1994,Ghana,24.87 %,16561677
1994,Equatorial Guinea,31.84 %,479099
1994,Honduras,21.74 %,5548969
1994,Croatia,101.03 %,4652024
1994,Haiti,42.56 %,7602318
1994,"Iran, Islamic Rep.",34.86 %,60590608
1994,Iraq,448.5 %,19539348
1994,Jamaica,35.24 %,2509042
1994,Kazakhstan,1863.33 %,16145766
1994,Kenya,28.72 %,26950508
1994,Kyrgyz Republic,180.68 %,4515100
1994,Lithuania,72.25 %,3657144
1994,Latvia,35.92 %,2520742
1994,Moldova,329.64 %,2964277
1994,Madagascar,38.99 %,13066544
1994,North Macedonia,125.49 %,1981713
1994,Mali,24.29 %,9334893
1994,Myanmar,24.1 %,43383421
1994,Mongolia,193.41 %,2280475
1994,Mozambique,63.12 %,14948050
1994,Malawi,34.66 %,9745695
1994,Niger,35.53 %,9168316
1994,Nigeria,56.86 %,105293701
1994,Peru,23.75 %,23851405
1994,Poland,32.99 %,38542652
1994,Paraguay,20.35 %,4666096
1994,Romania,136.43 %,22730211
1994,Russian Federation,307.72 %,148407912
1994,Rwanda,21.0 %,5936253
1994,Sudan,115.48 %,23338465
1994,Senegal,32.1 %,8461066
1994,Sierra Leone,24.2 %,4309780
1994,São Tomé and Principe,51.16 %,129426
1994,Suriname,142.84 %,435099
1994,Slovenia,20.99 %,1989443
1994,Chad,41.27 %,6781057
1994,Togo,35.26 %,4120615
1994,Tajikistan,350.36 %,5679169
1994,Turkmenistan,1748.3 %,4115105
1994,Turkey,105.22 %,57564209
1994,Tanzania,37.9 %,28792649
1994,Ukraine,861.05 %,51921400
1994,Uruguay,44.75 %,3201149
1994,Uzbekistan,1568.33 %,22377000
1994,"Venezuela, RB",60.8 %,21474553
1994,"Yemen, Rep.",71.28 %,14297617
1994,Zambia,53.93 %,8869745
1995,Angola,2672.23 %,13945205
1995,Armenia,176.74 %,3217349
1995,Azerbaijan,411.76 %,7684850
1995,Bulgaria,61.46 %,8406067
1995,Belarus,685.19 %,10193831
1995,Brazil,66.01 %,162019889
1995,Cameroon,25.81 %,13599984
1995,"Congo, Dem. Rep.",541.8 %,41576239
1995,Colombia,20.9 %,36421438
1995,Costa Rica,23.19 %,3545524
1995,Algeria,29.8 %,28757788
1995,Ecuador,22.93 %,11455205
1995,Estonia,28.74 %,1436634
1995,Georgia,162.72 %,4657722
1995,Ghana,59.32 %,17014058
1995,Guinea-Bissau,45.13 %,1088850
1995,Honduras,29.48 %,5709010
1995,Haiti,30.2 %,7744509
1995,Hungary,28.31 %,10328965
1995,"Iran, Islamic Rep.",49.32 %,61442658
1995,Iraq,387.3 %,20149342
1995,Kazakhstan,176.06 %,15816243
1995,Kyrgyz Republic,42.17 %,4560400
1995,Lithuania,39.65 %,3629102
1995,Latvia,24.98 %,2485056
1995,Moldova,30.22 %,2952307
1995,Madagascar,49.04 %,13475403
1995,Mexico,35.0 %,91663290
1995,Myanmar,25.19 %,43901598
1995,Mozambique,47.67 %,15483277
1995,Malawi,83.15 %,9844418
1995,Nigeria,72.87 %,107948339
1995,Poland,27.95 %,38594998
1995,Romania,32.18 %,22684270
1995,Russian Federation,197.41 %,148375787
1995,Rwanda,55.97 %,5836490
1995,Sudan,68.38 %,24094741
1995,Sierra Leone,25.99 %,4303953
1995,São Tomé and Principe,36.8 %,131679
1995,Suriname,24.16 %,441851
1995,Tajikistan,612.48 %,5764806
1995,Turkmenistan,1005.26 %,4207841
1995,Turkey,89.11 %,58486453
1995,Tanzania,26.77 %,29649128
1995,Ukraine,376.02 %,51512800
1995,Uruguay,42.26 %,3224275
1995,Uzbekistan,304.6 %,22785000
1995,"Venezuela, RB",59.96 %,21931087
1995,"Yemen, Rep.",63.89 %,14913313
1995,Zambia,34.84 %,9096608
1996,Angola,4146.01 %,14400722
1996,Burundi,26.42 %,6060110
1996,Bulgaria,125.53 %,8362826
1996,Belarus,51.65 %,10159569
1996,"Congo, Dem. Rep.",617.0 %,42757239
1996,Colombia,20.8 %,37076387
1996,Ecuador,24.49 %,11703169
1996,Estonia,23.02 %,1415594
1996,Georgia,39.33 %,4491699
1996,Ghana,44.49 %,17462504
1996,Guinea-Bissau,50.93 %,1110835
1996,Honduras,23.82 %,5874814
1996,Haiti,20.58 %,7887312
1996,Hungary,23.47 %,10311238
1996,"Iran, Islamic Rep.",23.92 %,62294919
1996,Jamaica,26.43 %,2558631
1996,Kazakhstan,39.24 %,15578227
1996,Kyrgyz Republic,31.95 %,4628400
1996,Lithuania,24.63 %,3601613
1996,Moldova,23.51 %,2946401
1996,Mexico,34.38 %,93147045
1996,Mongolia,46.83 %,2316571
1996,Mozambique,48.49 %,15960445
1996,Malawi,37.73 %,10022783
1996,Nigeria,29.39 %,110668784
1996,Romania,38.87 %,22619004
1996,Russian Federation,47.75 %,148160129
1996,Sudan,86.76 %,24782384
1996,Sierra Leone,23.14 %,4312660
1996,São Tomé and Principe,42.05 %,133799
1996,Tajikistan,418.47 %,5851354
1996,Turkmenistan,992.39 %,4287337
1996,Turkey,80.41 %,59423278
1996,Tanzania,21.05 %,30444523
1996,Ukraine,77.82 %,51057800
1996,Uruguay,28.33 %,3247383
1996,Uzbekistan,53.96 %,23225000
1996,"Venezuela, RB",99.82 %,22385650
1996,"Yemen, Rep.",38.78 %,15469274
1996,Zambia,43.27 %,9339740
1997,Angola,221.49 %,14871572
1997,Albania,33.21 %,3148281
1997,Burundi,31.06 %,6122130
1997,Bulgaria,1037.48 %,8312068
1997,Belarus,64.07 %,10117433
1997,"Congo, Dem. Rep.",199.0 %,43827191
1997,Ecuador,30.68 %,11951457
1997,Ghana,24.83 %,17908977
1997,Guinea-Bissau,49.06 %,1132505
1997,Honduras,20.2 %,6045704
1997,Iraq,23.1 %,21439579
1997,Kyrgyz Republic,23.43 %,4696400
1997,Mexico,20.63 %,94611008
1997,Myanmar,29.7 %,45027223
1997,Mongolia,35.71 %,2335744
1997,Romania,154.76 %,22553978
1997,Sudan,47.17 %,25413912
1997,São Tomé and Principe,69.05 %,135831
1997,Tajikistan,87.96 %,5938404
1997,Turkmenistan,83.72 %,4355125
1997,Turkey,85.67 %,60372571
1997,Uzbekistan,70.86 %,23667000
1997,"Venezuela, RB",50.1 %,22837743
1997,Zambia,24.34 %,9597610
1998,Angola,107.43 %,15359600
1998,Albania,20.55 %,3128530
1998,Belarus,73.27 %,10071963
1998,"Congo, Dem. Rep.",29.15 %,44849968
1998,Ecuador,36.17 %,12198449
1998,Indonesia,58.45 %,205724597
1998,Lao PDR,90.14 %,5144601
1998,Myanmar,49.14 %,45611220
1998,Malawi,29.78 %,10552345
1998,Romania,59.01 %,22507344
1998,Russian Federation,27.69 %,147670784
1998,Sudan,24.62 %,26015518
1998,Sierra Leone,35.99 %,4381484
1998,Serbia,30.0 %,7567745
1998,São Tomé and Principe,42.1 %,137855
1998,Tajikistan,43.17 %,6027395
1998,Turkey,84.64 %,61329665
1998,Uzbekistan,28.98 %,24051000
1998,"Venezuela, RB",35.78 %,23288567
1998,Zambia,24.62 %,9866474
1999,Angola,248.25 %,15866871
1999,Belarus,294.64 %,10026738
1999,"Congo, Dem. Rep.",284.9 %,45919615
1999,Ecuador,52.21 %,12442109
1999,Indonesia,20.48 %,208615171
1999,"Iran, Islamic Rep.",20.24 %,64800875
1999,Kyrgyz Republic,35.9 %,4840400
1999,Lao PDR,128.41 %,5235339
1999,Moldova,39.26 %,2929735
1999,Malawi,44.76 %,10854325
1999,Romania,45.86 %,22472040
1999,Russian Federation,85.75 %,147214776
1999,Sierra Leone,34.09 %,4462374
1999,Serbia,41.1 %,7540401
1999,Suriname,60.53 %,465380
1999,Tajikistan,27.45 %,6119664
1999,Turkmenistan,23.47 %,4466133
1999,Turkey,64.87 %,62287391
1999,Ukraine,22.83 %,49674000
1999,Uzbekistan,29.1 %,24311650
1999,"Venezuela, RB",23.58 %,23739835
1999,Zambia,26.75 %,10140564
2000,Angola,325.03 %,16395477
2000,Burundi,24.43 %,6378871
2000,Belarus,167.58 %,9979610
2000,"Congo, Dem. Rep.",550.0 %,47105830
2000,Ecuador,96.04 %,12681123
2000,Ghana,25.11 %,19278850
2000,Moldova,31.21 %,2923783
2000,Montenegro,29.86 %,604950
2000,Malawi,29.6 %,11148751
2000,Romania,45.63 %,22442971
2000,Russian Federation,20.8 %,146596869
2000,Serbia,70.0 %,7516346
2000,Suriname,29.56 %,470944
2000,Tajikistan,32.85 %,6216329
2000,Turkey,54.92 %,63240196
2000,Ukraine,28.26 %,49176500
2000,Uzbekistan,25.01 %,24650400
2000,Zambia,26.07 %,10415942
2001,Angola,152.59 %,16945753
2001,Belarus,60.85 %,9928549
2001,"Congo, Dem. Rep.",357.28 %,48428534
2001,Ecuador,37.44 %,12914660
2001,Ghana,32.93 %,19756929
2001,Myanmar,34.5 %,47225119
2001,Montenegro,23.73 %,607389
2001,Romania,34.43 %,22131970
2001,Russian Federation,21.48 %,145976482
2001,Serbia,80.74 %,7503433
2001,Suriname,34.37 %,476574
2001,Tajikistan,38.55 %,6318510
2001,Turkey,54.4 %,64192243
2001,Uzbekistan,27.25 %,24964450
2001,Zambia,21.24 %,10692197
2002,Afghanistan,51.93 %,22600774
2002,Angola,108.89 %,17519418
2002,Argentina,25.87 %,37681743
2002,Belarus,42.65 %,9865548
2002,"Congo, Dem. Rep.",25.32 %,49871670
2002,Myanmar,58.1 %,47702163
2002,Romania,22.51 %,21730496
2002,Sudan,22.23 %,28704786
2002,Turkey,44.96 %,65145357
2002,Uzbekistan,27.29 %,25271850
2002,"Venezuela, RB",22.43 %,25100407
2002,Zambia,22.3 %,10971704
2003,Afghanistan,35.66 %,23680871
2003,Angola,98.22 %,18121477
2003,Belarus,28.49 %,9796749
2003,Dominican Republic,27.46 %,8850317
2003,Eritrea,22.67 %,2600972
2003,Ghana,26.63 %,20750308
2003,Haiti,26.73 %,8900108
2003,Iraq,33.6 %,25644503
2003,Myanmar,24.95 %,48148907
2003,Suriname,23.0 %,487938
2003,Turkey,21.6 %,66089402
2003,"Venezuela, RB",31.09 %,25551624
2003,Zambia,21.31 %,11256740
2004,Angola,43.53 %,18758138
2004,Dominican Republic,51.3 %,8974444
2004,Eritrea,25.11 %,2719809
2004,Haiti,28.32 %,9047082
2004,Iraq,27.0 %,26313838
2004,"Venezuela, RB",21.75 %,25996594
2004,Zimbabwe,113.57 %,12019911
2005,Angola,22.96 %,19433604
2005,"Congo, Dem. Rep.",21.55 %,54785894
2005,Guinea,31.36 %,9109585
2005,Iraq,36.96 %,26922279
2006,Guinea,34.7 %,9307421
2006,Iraq,53.25 %,27448124
2006,Myanmar,26.33 %,49301049
2006,São Tomé and Principe,23.08 %,161676
2006,Zimbabwe,32.97 %,12155496
2007,Guinea,22.86 %,9518159
2007,Iraq,30.82 %,27911242
2007,Myanmar,30.93 %,49621479
2008,Afghanistan,26.42 %,27722281
2008,Azerbaijan,20.8 %,8763400
2008,Burundi,24.41 %,8126104
2008,Ethiopia,44.37 %,82916236
2008,"Iran, Islamic Rep.",25.3 %,72120608
2008,Jamaica,22.01 %,2781869
2008,Kyrgyz Republic,24.5 %,5318700
2008,Cambodia,25.0 %,13883835
2008,Mongolia,26.74 %,2631899
2008,São Tomé and Principe,31.99 %,171122
2008,Seychelles,36.97 %,86956
2008,Tajikistan,20.51 %,7209924
2008,Ukraine,25.2 %,46258189
2008,"Venezuela, RB",30.37 %,27635827
2008,Vietnam,23.11 %,86243424
2008,Zimbabwe,156.96 %,12379553
2009,"Congo, Dem. Rep.",46.1 %,62448572
2009,Eritrea,33.04 %,3119920
2009,Nauru,22.42 %,9945
2009,Seychelles,31.75 %,87298
2009,"Venezuela, RB",27.07 %,28031010
2010,"Congo, Dem. Rep.",23.46 %,64563853
2010,"Venezuela, RB",28.17 %,28439942
2011,Belarus,53.17 %,9461643
2011,Ethiopia,33.23 %,90139928
2011,Guinea,21.35 %,10420459
2011,"Iran, Islamic Rep.",21.53 %,74634959
2011,"Venezuela, RB",26.08 %,28887873
2012,Belarus,59.5 %,9446836
2012,Ethiopia,24.13 %,92726982
2012,"Iran, Islamic Rep.",30.57 %,75539881
2012,Malawi,21.3 %,15396010
2012,Sudan,35.56 %,36193781
2012,South Sudan,45.08 %,10113648
2012,Syrian Arab Republic,36.7 %,20438861
2012,"Venezuela, RB",21.06 %,29360827
2013,"Iran, Islamic Rep.",36.58 %,76481963
2013,Malawi,28.28 %,15839287
2013,Sudan,36.52 %,37072555
2013,Syrian Arab Republic,90.0 %,19578466
2013,"Venezuela, RB",40.59 %,29781046
2014,Argentina,38.08 %,42669500
2014,Malawi,23.77 %,16289550
2014,Sudan,36.91 %,37977657
2014,Syrian Arab Republic,29.0 %,18710711
2014,"Venezuela, RB",62.14 %,30042973
2015,Argentina,26.54 %,43131966
2015,Malawi,21.86 %,16745305
2015,South Sudan,52.81 %,10715657
2015,Syrian Arab Republic,26.0 %,17997411
2015,Ukraine,48.57 %,45154036
2015,"Venezuela, RB",121.4 %,30081827
2015,"Yemen, Rep.",39.4 %,26497881
2016,Angola,32.38 %,28842482
2016,Argentina,39.4 %,43590368
2016,Libya,25.88 %,6492160
2016,Malawi,21.73 %,17205253
2016,South Sudan,379.85 %,10832520
2016,Suriname,55.5 %,564883
2016,Syrian Arab Republic,25.0 %,17465567
2016,"Venezuela, RB",254.39 %,29851249
2017,Angola,29.84 %,29816769
2017,Argentina,25.68 %,44044811
2017,"Congo, Dem. Rep.",35.79 %,81398765
2017,"Egypt, Arab Rep.",23.54 %,96442590
2017,Libya,28.47 %,6580723
2017,Sudan,32.35 %,40813398
2017,South Sudan,187.87 %,10910774
2017,Suriname,22.02 %,570501
2017,"Venezuela, RB",438.12 %,29402480
2017,"Yemen, Rep.",30.4 %,27834811
2018,Argentina,34.28 %,44494502
2018,"Congo, Dem. Rep.",29.27 %,84068092
2018,Liberia,23.56 %,4818976
2018,Sudan,63.29 %,41801532
2018,South Sudan,83.49 %,10975924
2018,"Venezuela, RB",65374.08 %,28887117
2018,"Yemen, Rep.",27.6 %,28498683
2019,Argentina,53.55 %,44938712
2019,"Iran, Islamic Rep.",41.02 %,82913893
2019,Liberia,26.97 %,4937374
2019,Sudan,50.99 %,42813237
2019,South Sudan,51.19 %,11062114
2019,"Venezuela, RB",19906.02 %,28515829
2019,Zimbabwe,255.29 %,14645473
2020,Angola,21.02 %,32866268
2020,Argentina,42.02 %,45376763
2020,Ethiopia,20.35 %,114963583
2020,Haiti,22.8 %,11402533
2020,"Iran, Islamic Rep.",36.5 %,83992953
2020,Lebanon,84.86 %,6825442
2020,Libya,22.26 %,6871287
2020,Sudan,17087.72 %,43849269
2020,South Sudan,29.68 %,11193729
2020,Suriname,49.77 %,586634
2020,"Venezuela, RB",2355.15 %,28435943
2020,"Yemen, Rep.",26.18 %,29825968
2020,Zimbabwe,557.21 %,14862927
2021,Angola,23.85 %,33933611
2021,Argentina,48.41 %,45808747
2021,Ethiopia,26.84 %,117876226
2021,"Iran, Islamic Rep.",43.39 %,85028760
2021,Lebanon,154.76 %,6769151
2021,Sudan,359.09 %,44909351
2021,South Sudan,40.0 %,11381377
2021,Suriname,59.11 %,591798
2021,"Venezuela, RB",1588.51 %,28704947
2021,"Yemen, Rep.",30.61 %,30490639
2021,Zambia,22.02 %,18920657
2021,Zimbabwe,98.55 %,15092171
